ID,Concept,Familiarity,Pain,Smell,Color,Taste,Sound,Grasp,Motion,Familiarity_RT,Pain_RT,Smell_RT,Color_RT,Taste_RT,Sound_RT,Grasp_RT,Motion_RT,PC1_scores,PC2_scores
1,accordion,6.9,2,1.62,4.42,1.74,5.57,4.5,3.96,1670,1063,819,1258,1383,855,1419,1523,0.29,-0.51
2,airplane,7.48,3.84,2.75,3.45,1.48,7.19,1.5,7.19,1611,1764,1366,1377,1260,1249,822,1511,2.03,-0.25
3,alligator,6.97,6.85,3.23,4.74,3.46,3.95,1.59,5.5,1644,1127,1330,1354,1050,1426,946,1625,1.56,0.44
4,ambulance,7.43,2.42,1.9,5.92,1.14,7.41,1.41,7.3,1571,1287,1130,1301,956,1028,1197,1114,1.78,0.02
5,anchor,6.92,4.36,2.46,2.58,1.54,2.91,2,2.19,1878,1193,921,823,695,1297,1536,1072,0.24,-0.88
6,ant,7.61,2.29,1.3,2,2.04,1.38,6.52,7.4,1448,1361,990,1375,1256,705,940,1007,-0.2,-0.93
7,apartment,7.64,2.32,3.52,3.67,2.16,2.95,1.38,1.32,1672,1069,1368,1438,1531,1383,887,891,-0.07,-0.03
8,apple,7.57,2.04,4.43,7.1,6.5,1.65,6.87,1.75,1496,1340,1327,1373,937,700,936,1097,-1.03,2.11
9,apron,7.33,1.46,1.9,5,1.5,1.16,6.52,1.52,1682,784,1040,1269,986,785,949,1386,-1.37,-0.49
10,armor,6.69,2.74,2.33,2.81,1.77,3.81,3.18,2.09,1908,1869,1543,1238,1064,1531,1383,1924,-0.04,-0.75
11,ashtray,7.15,2.92,6.24,2.65,1.38,1.27,6.39,1.09,1585,1083,977,1309,600,1490,1599,832,-0.68,0.33
12,asparagus,7.33,1.36,4.82,5.08,6.25,1.14,6.57,1.59,1616,870,1297,1091,1101,624,828,1191,-1.19,1.76
13,avocado,7.71,1.48,3.87,5.52,7.19,1.17,7.5,1.59,1479,968,994,1076,812,1351,1076,873,-1.41,1.75
14,axe,6.9,7.39,2.1,2.91,1.55,3.68,6.62,3.63,1684,1099,1070,1148,1047,888,1592,1306,0.55,-1.1
15,bag,7.45,2.75,1.86,3.87,1.63,2.48,7.04,2.38,1603,1376,853,1073,882,1442,1014,996,-0.8,-0.76
16,bagpipe,6.39,2.16,1.77,5.04,1.57,6.5,3.48,2.16,1879,1078,1092,1400,1192,1115,1755,1371,0.34,-0.46
17,ball,7.68,4.48,1.96,4.96,1.68,3.5,6.3,6.21,1680,1259,1260,1347,1018,1033,1417,1064,0.5,-0.32
18,balloon,7.57,2.14,2.27,6.35,1.88,3.77,7.1,5.36,1599,1184,1156,1156,993,961,1194,947,-0.07,0.22
19,banana,7.68,1.63,5.72,6.38,7.09,1.3,7.19,1.7,1479,938,1023,892,1059,687,724,996,-1.09,2.56
20,banjo,6.68,2,1.5,3,1.3,5.78,4.58,3.36,1749,1259,957,840,855,1133,1256,1095,0.21,-1.02
21,banner,7.28,1.52,1.5,6.48,1.91,1.91,4.2,4.05,1818,1084,1036,1159,922,1278,1265,1330,-0.5,0
22,barn,7.02,2.33,6.16,5.04,1.83,2.72,1.19,1.41,1787,1342,1026,1819,1129,1161,907,835,0.22,1.12
23,barrel,6.94,3.25,2.83,3,2.26,2.04,2.26,3.43,1659,1345,1167,1224,1459,808,1403,1229,0.09,-0.33
24,basement,6.92,2.2,2.67,2.23,1.57,1.82,1.64,1.32,1803,1644,1501,1182,811,1149,1100,1036,-0.43,-0.8
25,basket,7.56,1.57,2.32,2.96,1.92,1.77,6.27,2.59,1544,1048,1308,864,1347,761,1012,1321,-0.96,-0.64
26,basketball,7.48,4.15,2.75,5.9,1.8,3.79,5.52,5.96,1651,1449,1407,1000,729,1262,1910,950,0.64,0.22
27,bathtub,7.55,2.04,2.78,1.77,1.65,2.32,1.67,1.14,1674,1279,1151,1351,1384,1194,1175,1023,-0.39,-0.85
28,baton,6.54,4.67,1.12,3.4,2.14,2.18,7,5.36,1891,1278,1330,1237,1132,1406,892,1033,-0.08,-0.92
29,bayonet,5.71,6.12,1.91,3,1.67,3.73,4.58,3.17,2066,1007,1263,989,1516,1528,1280,1460,0.49,-1.03
30,bazooka,5.76,5.33,2.3,3.39,1.63,7.05,3.76,3.59,2138,1212,1723,1559,1522,1037,1689,2026,1.26,-0.73
31,beachball,7.42,2,2.3,7,1.82,2.57,5.26,5.65,1570,1004,660,815,1418,787,1780,1303,-0.04,0.42
32,beans,7.48,1.55,4.68,3.04,5.68,1.57,6.59,1.3,1687,1218,983,1546,924,897,1503,788,-1.12,1.07
33,bear,7.07,6.16,4.08,3.76,3.08,6.39,1.63,5.9,1644,1340,1671,1341,1064,1112,1492,1594,2.12,0.48
34,beaver,6.6,3.96,3.71,3.4,2.04,3.45,3.08,6.14,1754,1294,995,1436,1075,1102,1234,1063,0.98,0.11
35,bed,7.81,1.83,2.44,3.24,1.5,2.5,2.33,1.56,1575,1129,1212,1285,949,1812,1201,1189,-0.43,-0.64
36,bedroom,7.54,1.9,3.23,4,2.23,2.41,1.48,1.12,1577,872,1515,1240,1548,1663,791,843,-0.34,-0.03
37,bee,7.48,6.52,1.59,6.29,1.88,4.38,4.63,6.95,1661,1307,912,1156,852,1419,1289,856,1.33,-0.13
38,beehive,6.79,6.57,3.24,3.7,3,4.3,2.45,2.23,1990,1166,1422,1497,1836,1239,1522,1822,0.9,-0.11
39,beetle,7.14,3.08,2.26,4.21,1.7,2.92,6.05,6.26,1716,1450,1140,1160,683,1263,998,1129,0.22,-0.29
40,beets,6.84,1.74,3.71,6.29,4.89,1.57,6.62,1.29,1730,1047,1264,1241,1329,1079,1200,984,-1.18,1.26
41,belt,7.4,4.74,2,3.23,1.63,2.24,6.71,1.82,1649,1255,1003,918,642,1108,1203,1205,-0.55,-1
42,bench,7.38,1.82,1.9,2.74,1.4,1.38,1.92,1.4,1584,1029,956,1258,1011,1361,1240,640,-0.69,-0.97
43,bike,7.6,4.05,1.71,4.3,1.63,3.54,3.65,6.17,1565,1208,1215,862,1181,1338,1588,1225,0.74,-0.49
44,birch,5.41,2.17,2.82,3.05,2.43,2.63,2.32,2.18,2064,1507,1281,1196,1461,1340,1317,1022,-0.21,-0.3
45,biscuit,7.41,1.36,5.86,1.77,6.8,1.42,7.16,2.04,1600,898,1025,768,785,1464,998,1011,-1.03,1.53
46,bison,6.14,4.95,4.59,3.3,4.83,3.96,1.19,5.14,1953,1165,1104,1207,1365,1266,1229,1693,1.34,1.03
47,blackbird,6.46,2.81,2.75,3.22,2.4,3.6,3.26,6,1955,1477,1086,1096,993,1254,1388,1463,0.66,-0.11
48,blender,7.58,4.95,2.62,1.91,1.62,6.91,4.92,5.43,1644,1500,1484,1032,1249,1091,1328,1272,1.39,-0.85
49,blouse,7.3,1.62,2.56,5.33,1.76,1.08,6.43,2.54,1591,1038,870,1205,1380,1086,1113,1490,-1.09,-0.07
50,blueberry,7.57,1.45,3.74,6.2,7.3,1.09,7.5,1.45,1460,798,1408,850,802,1282,916,1040,-1.47,1.88
51,bluejay,6.46,2.35,3,6.26,2.83,3.77,3.5,6.48,1815,1014,941,1127,1289,1173,1501,1497,0.69,0.82
52,boat,7.25,3.58,2.44,3.5,1.76,4.92,1.26,5.92,1635,1522,1244,1212,880,1560,1022,1042,1.28,-0.33
53,bolts,7.03,3.75,2.23,2.14,1.5,3.65,6.83,2.63,1843,1316,1025,1080,866,1908,979,1279,-0.27,-1.1
54,bomb,6.44,7.5,4.24,2.72,1.35,7.78,2.88,2.73,1838,926,1827,1514,1216,1070,2140,1682,1.96,-0.44
55,book,7.78,2.67,3.21,3.65,1.64,2.21,7.26,2.5,1469,986,1084,1643,1126,1140,1021,1184,-0.72,-0.34
56,bookcase,7.48,4.04,1.71,3,1.71,1.52,1.73,1.08,1795,940,1033,1282,1315,1564,1301,876,-0.35,-1.04
57,boots,7.49,3.19,4.63,3.32,1.71,3,5.48,4.3,1652,1006,1406,1119,785,1108,1347,1725,0.23,0.21
58,bottle,7.63,4.86,2.76,3.16,2.7,3.42,7.5,2.39,1664,1276,1372,1407,1224,1931,897,1250,-0.23,-0.46
59,boulder,7.12,6.15,1.61,2.13,1.27,3.92,1.18,2.2,1790,1215,1191,740,824,1171,860,1210,0.78,-1.43
60,bouquet,7.22,1.91,6.96,6.64,3.26,1.36,5.92,2.71,1817,1158,940,1253,1590,783,1035,1448,-0.45,2.13
61,bowl,7.62,2.58,1.9,3.92,2.38,1.59,7.04,1.38,1647,1665,979,1137,1221,1007,784,1392,-1.2,-0.59
62,box,7.66,2.38,1.7,2.6,1.42,1.74,5.36,2.3,1615,1116,1073,1069,691,923,1501,1347,-0.82,-1.11
63,bra,7.43,2.7,2.08,5.71,2.43,1.17,7.17,2.41,1578,1431,1151,1215,1312,1135,1639,1362,-1.08,-0.06
64,bracelet,7.47,2.29,1.41,5.68,1.86,2.18,7.23,1.96,1600,800,1151,1628,1230,1626,754,1329,-1.09,-0.45
65,bread,7.78,1.54,5.14,2.46,7.6,1.39,7.59,1.52,1452,807,1292,1357,891,1032,1165,748,-1.25,1.59
66,brick,7.47,6.25,2.3,5.04,1.75,2.7,6.08,1.82,1620,949,1229,1781,1086,1115,1355,964,-0.09,-0.53
67,bridge,7.36,2.43,1.8,3.17,1.59,2.04,1.45,1.35,1658,1338,1347,1717,847,1327,1225,1051,-0.42,-0.89
68,broccoli,7.46,1.16,3.5,6,6.29,1.43,7.58,1.5,1447,938,1355,1128,1205,1120,1031,863,-1.45,1.51
69,broom,7.41,3,2.43,2.43,1.48,2.17,6.57,3.96,1726,1349,1130,859,764,1222,1100,1790,-0.41,-0.84
70,brush,7.48,2.58,2.12,3.08,1.91,1.95,7.67,3.41,1798,1314,1331,1283,815,1150,867,1687,-0.81,-0.72
71,bucket,7.31,3.13,2.17,3.58,1.61,2.05,6.45,1.95,1676,1263,1125,1063,1034,1043,1351,931,-0.79,-0.76
72,buckle,7.33,3.44,1.86,3.36,1.52,2.5,6.04,1.74,1759,1316,1075,1981,687,1031,1252,1239,-0.66,-0.96
73,budgie,3.41,2.5,2.3,4.32,1.81,2.19,2.74,2.43,2232,1633,1180,1366,1356,1547,1272,1534,-0.29,-0.36
74,buffalo,7.07,5.52,5.52,2.91,3.8,4.32,1.23,5.86,1673,1368,1529,1174,1260,1374,975,1379,1.77,1.01
75,buggy,6.08,4.32,2.24,4.95,1.59,4.7,1.86,5.91,1965,1350,1432,1347,1199,1316,1034,1354,1.27,-0.17
76,building,7.53,2.67,2.38,3.4,1.84,2.39,1.58,1.1,1706,1234,1115,1339,1593,1451,962,1049,-0.31,-0.6
77,bull,6.95,7.28,5.91,3.45,3,4.95,1.36,7,1641,1231,1523,1109,1203,1252,884,799,2.45,1.03
78,bullet,6.66,7.63,2.95,3.63,1.29,6.41,4.95,5.92,1788,1005,1188,1469,1030,1089,1417,1528,1.87,-0.55
79,bungalow,6.03,1.8,2.1,3.19,1.71,1.7,1.55,1.2,1986,1126,1216,1436,1080,1300,976,903,-0.6,-0.72
80,bureau,5.91,2.5,1.79,1.87,2.08,1.96,1.56,1.55,2143,1314,1061,1151,1498,1351,973,1316,-0.41,-1.05
81,bus,7.71,5.35,3.86,5.96,1.79,6,1.32,6.64,1604,1507,1272,1626,930,1422,995,881,2.08,0.66
82,butterfly,7.39,1.48,1.61,7.04,1.65,1.18,5.04,7.44,1543,773,912,731,1280,850,1920,1012,-0.14,0.29
83,buzzard,5.43,3.44,2.48,2.83,1.88,4.52,3.79,4.36,1998,1239,1513,927,880,1164,1498,1259,0.57,-0.58
84,cabbage,7.42,1.14,3.32,3.79,5.54,1.36,5.91,1.3,1755,1216,1295,1096,1151,1125,1040,1189,-1.29,0.78
85,cabin,7.23,2,2.8,2.55,1.32,2.04,1.15,1.1,1618,1241,1083,1240,852,1428,895,977,-0.38,-0.74
86,cabinet,7.57,2.86,2.45,2.8,1.74,2.5,2.48,1.7,1701,1527,834,1367,1116,1081,1105,1315,-0.25,-0.73
87,cactus,7.26,6.78,2.27,5.71,4.08,1.04,1.91,1.04,1685,913,1375,1272,1008,955,1350,790,-0.01,0.22
88,cage,7.1,2.91,2.35,2.45,1.68,2.91,3.27,1.67,1839,1371,1133,1458,1129,1011,1554,775,-0.27,-0.88
89,cake,7.73,1.55,6.35,5.52,7.91,1.26,5.16,1.43,1553,894,1295,1049,765,1396,1449,856,-0.86,2.82
90,calculator,7.47,1.96,1.39,2.64,1.8,1.58,7.12,1.41,1562,929,953,1059,1033,683,817,1166,-1.36,-1.17
91,calf,6.85,3.35,4.59,3.6,5.04,3.96,2.61,5.13,1827,1583,1030,1000,1197,1317,1737,1457,0.88,1.21
92,camel,6.83,3.35,5,2.54,2.24,3.7,1.5,5.96,1758,1510,1283,1451,908,912,1052,970,1.24,0.47
93,camisole,5.98,2,1.62,4.45,1.79,1.46,6.05,2.22,1927,1065,864,1337,1009,1021,1307,1132,-1.07,-0.62
94,canary,6.59,3.05,3.22,6.48,2.24,4.43,4,6.52,1875,1628,901,839,1644,1531,1518,1090,0.92,0.75
95,candle,7.58,4.63,5.96,4.73,1.26,1.04,6.52,2.73,1551,1187,1128,1203,877,969,1276,1029,-0.18,0.68
96,candycane,7.6,2.13,4.83,5.65,7.28,1.61,7.8,1.65,1681,1053,1288,1293,969,747,1016,849,-1.13,2.09
97,cannon,7.05,7.71,3.5,2.75,1.41,7.78,1.56,4.22,1755,1212,1291,1133,761,996,1133,1722,2.35,-0.57
98,canoe,6.79,3.13,1.79,3.1,2.5,2.17,1.68,5.33,1801,1457,1732,1059,1025,1014,1157,1033,0.39,-0.48
99,cantaloupe,7.34,1.95,5.27,5.56,6.76,1.52,5.5,2.24,1607,1424,1435,1218,941,733,1626,1066,-0.72,2.18
100,cape,6.97,1.86,1.77,3.81,2.19,1.4,6.32,3.56,1859,1136,1042,1109,1030,1118,1237,1277,-0.89,-0.53
101,car,7.64,6.35,3.59,6.14,1.21,6.35,1.44,6.59,1510,1466,1258,1183,811,1463,872,1263,2.29,0.4
102,caribou,5.51,3.35,4.13,2.91,3.23,3.63,2.19,4.83,2095,1218,1423,1137,1520,1703,960,1303,0.81,0.42
103,carpet,7.33,1.52,2.88,3.58,1.81,1.29,1.95,1.63,1538,886,1398,1086,880,1155,1064,845,-0.63,-0.31
104,carrot,7.65,1.65,3.33,6.13,6.64,1.27,7.23,1.48,1625,1113,1460,944,959,1210,1223,929,-1.39,1.55
105,cart,7.29,3.92,1.71,3.32,1.26,3.4,4.24,5.73,1829,1042,936,1404,1265,1165,1534,1362,0.55,-0.84
106,cat,7.44,4.76,4.56,4.36,1.77,3.85,4.75,6.04,1570,1200,1113,1360,1384,1600,1881,1468,1.07,0.47
107,catapult,6.53,6,1.42,2.73,1.36,5.09,1.79,5.39,1867,1547,1465,1029,1030,1126,1072,1362,1.46,-1.14
108,caterpillar,7.24,1.71,2.25,5.86,1.5,1,6.79,5.17,1684,860,1193,1204,869,1073,1235,1069,-0.69,0.02
109,catfish,6.92,2.71,5.13,2.8,5.13,1.71,4.23,5.67,1597,1219,1591,1448,1569,1142,1268,1099,0.26,1.28
110,cathedral,6.88,2.63,2.48,4.74,1.88,2.39,2.17,1.19,1953,1059,1385,1434,1414,1205,831,995,-0.36,-0.26
111,cauliflower,7.23,1.28,3.82,2.57,6.26,1.33,6.88,1.18,1789,1260,1342,876,1024,1226,947,775,-1.39,0.82
112,cedar,6.31,2.67,5.43,3.64,2.52,1.8,2,1.91,2037,1273,836,1370,1098,1034,1181,1081,-0.02,0.72
113,celery,7.58,2.26,3.17,5.45,5.92,1.36,6.8,1.41,1535,1241,976,902,1137,1053,1173,603,-1.22,1.12
114,cellar,6.65,1.96,3.19,1.84,1.19,2.36,1.29,1.05,1944,1403,1362,1355,1197,1005,972,962,-0.3,-0.8
115,cello,7,2.64,2.22,4.05,1.76,5.88,4.27,2.52,1748,978,1319,1309,1275,1527,2058,1172,0.3,-0.5
116,certificate,7.46,1.73,1.86,2,1.86,1.46,7.13,1.36,1797,1320,755,979,1216,1031,1074,1048,-1.38,-1.13
117,chain,7.31,5.17,2.59,2.54,1.47,4.39,6.5,3,1723,1195,1250,1029,1042,1219,1340,1191,0.27,-0.94
118,chair,7.46,3.78,1.75,3.48,1.73,2.78,4.19,2.04,1609,1342,1303,714,1025,1348,1395,1094,-0.27,-0.89
119,chalk,7.38,1.71,2.71,2.18,1.68,3.89,7.59,3.5,1691,1188,1061,1035,746,1449,541,1233,-0.46,-0.72
120,chandelier,6.99,3.84,1.96,5.05,2,2.52,1.82,2.13,1833,1442,1080,1264,1084,1230,1206,1253,0.02,-0.34
121,chapel,6.91,1.64,2.29,3.22,1.96,3.15,1.82,1.43,1790,1213,807,1247,1175,1414,1135,1119,-0.31,-0.57
122,cheese,7.76,1.32,5.8,5.92,6.05,1.3,7.3,1.32,1508,808,1241,968,816,969,999,1045,-1.19,2.21
123,cheetah,7.13,7.32,3.04,6.05,3.55,4.26,1.38,7.27,1580,1171,1380,1560,979,977,1165,703,2.03,0.78
124,cherry,7.55,1.36,4.04,7.1,7.05,1.48,6.76,1.43,1566,1553,1260,1025,1405,708,1094,918,-1.28,2.14
125,chickadee,4.75,2.19,2.5,5.04,2.82,2.79,3.04,5.13,2028,1159,1073,1233,973,1217,1075,1384,0.22,0.31
126,chicken,7.44,3,4.38,3.14,6.9,5.04,3.68,5.78,1654,1409,1472,1561,1124,1804,1758,1185,0.95,1.55
127,chimp,7.03,4.61,5,3.26,2.16,5.87,2.69,6.36,1774,1196,1646,1240,1530,1064,1513,1522,1.82,0.54
128,chipmunk,6.87,2.96,3.2,3.87,2.57,3.18,3.17,5.3,1706,1074,1061,1328,812,1597,1561,955,0.53,0.18
129,chisel,6.53,4.68,1.33,2.12,1.25,4.43,6.29,4.38,1899,1402,904,974,832,1489,1120,1494,0.34,-1.41
130,church,6.85,2.42,2.13,2.15,1.63,3.88,1.33,1,1651,1223,1122,1477,1367,1755,1100,916,-0.05,-1.01
131,cigar,6.9,4.54,6.91,3.13,2.17,1.45,7.81,2.22,1686,1386,1019,1399,1082,1201,978,1348,-0.29,0.83
132,cigarette,7.05,6.71,7.38,1.9,2,1.95,7.91,2.57,1801,1534,1147,1330,1271,1602,917,1218,0.29,0.56
133,clam,7.16,2,5.58,2.48,6.27,1.71,7.33,2.57,1669,1216,1214,854,1333,1206,917,1618,-0.8,1.45
134,clamp,6.6,4.6,1.67,2.73,1.68,1.87,6.09,1.73,2030,1104,1105,1241,700,1375,1528,1043,-0.62,-1.2
135,clarinet,7.01,2.74,2.13,3.73,2.09,5.88,6.52,2.35,1607,1307,834,1437,989,1302,1395,1047,-0.02,-0.58
136,cloak,6.68,1.59,2.09,3.57,2.43,1.35,6.39,2.86,1917,1078,1042,1389,1636,898,1255,992,-1.05,-0.44
137,clock,7.71,2,1.08,2.82,1.95,3.64,5.5,5.33,1650,888,895,1218,1059,1226,1338,1344,-0.05,-0.94
138,closet,7.55,1.83,2.05,2.36,2.19,1.45,1.86,1.29,1623,1565,1284,1255,1082,734,794,752,-0.69,-0.81
139,coat,7.42,1.65,2.14,4.72,1.81,1.52,6.83,2.3,1576,1064,1095,1389,1293,1012,1177,1038,-1.14,-0.36
140,cockroach,7.06,1.67,2.48,2.84,1.45,1.72,4.2,6.2,1688,1293,1270,927,1161,1059,1536,1084,-0.01,-0.48
141,coconut,7.39,3.17,4.43,3.3,7.16,1.86,6,2.33,1716,1230,1407,1278,1299,937,1135,949,-0.59,1.41
142,cod,6.23,2.32,5.68,3,6,1.75,4.19,5.59,1911,1677,1322,1328,1293,1149,1445,1218,0.22,1.76
143,coin,7.7,1.81,2.71,3.29,1.43,2.82,7.55,2.17,1614,862,1068,811,1161,1468,739,1340,-0.89,-0.62
144,colander,5.01,1.68,2.39,2.12,2.48,2.19,4.27,1.91,2317,1261,1188,1451,1636,1442,1334,1074,-0.73,-0.67
145,comb,7.46,2.72,1.58,3.35,1.6,1.42,7.82,3.39,1650,872,894,1393,934,1018,861,950,-0.97,-0.94
146,cork,7.12,2.48,2.73,2.36,2.31,2.67,7.11,1.71,1748,1766,903,833,1217,1298,890,1344,-0.86,-0.66
147,corkscrew,7.09,3.7,2,2.46,1.71,3.22,6.41,2.68,1921,1068,1156,1040,1124,1178,1024,1034,-0.34,-1.04
148,corn,7.64,1.29,4.3,6.43,7.64,1.52,6.67,1.43,1674,791,1174,957,1245,971,1068,971,-1.26,2.24
149,cottage,6.85,1.84,2.71,3.42,2.17,1.48,1.74,1.65,1879,1603,1228,1106,1658,1000,1020,1088,-0.53,-0.32
150,couch,7.51,1.58,1.92,3.92,1.52,1.42,2.1,1.67,1600,1388,1227,1290,762,1160,1142,1161,-0.7,-0.64
151,cougar,6.87,6.87,3.75,5.3,2.48,4.5,1.68,6.9,1779,864,1599,1203,1238,1181,1125,1341,2.01,0.58
152,cow,7.25,2.74,6.39,4,6.24,4.62,1.86,4.96,1705,1104,1514,1208,1117,1091,1300,1218,1.14,2.27
153,coyote,6.85,5.17,4.04,3.14,2.81,6.04,1.38,6.5,1667,946,1684,1101,766,1182,1025,1315,2.02,0.35
154,crab,7.4,5.24,5.04,5.2,6.88,2.52,5.21,6.04,1673,1502,1240,1520,1311,1222,1589,1162,0.74,2.1
155,cranberry,7.51,1.22,4.67,6.43,6.82,1.28,7.29,1.35,1656,1094,907,1263,954,1149,802,977,-1.35,2.14
156,crayon,7.52,1.89,3.91,6.84,1.78,1.35,7.83,2.9,1725,959,977,1250,900,1371,1080,1201,-0.96,0.72
157,crocodile,6.91,6.41,3.2,4.43,2.54,3.13,1.88,4.63,1671,1139,2132,1053,973,1299,1114,1169,1.15,0.09
158,crossbow,6.42,6.79,1.26,2.39,1.64,3.29,4.75,3.3,1991,1324,860,1395,1437,1078,1790,1745,0.45,-1.43
159,crow,7.3,3.3,3.27,3.85,2.16,5.19,2.64,6.64,1842,1525,1114,1308,1263,1125,1592,1017,1.32,0.17
160,crowbar,6.68,6.19,1.71,2.1,1.73,3.8,6.48,3,1968,791,1210,950,1180,1915,1407,1385,0.22,-1.34
161,crown,7.04,2.12,1.65,7,2.09,1.32,6.25,1.96,1768,1172,919,1028,1399,915,859,1111,-1.15,0.02
162,cucumber,7.56,1.57,3.42,5.8,6.74,1.29,7.48,1.57,1574,1317,1285,1011,920,709,844,927,-1.41,1.54
163,cup,7.6,2,1.52,3.5,2.5,1.59,7.94,2.42,1530,1201,1263,1165,1127,1077,964,1467,-1.28,-0.71
164,cupboard,7.44,2.95,2.33,2.68,2,2.83,3,1.58,1965,1220,1222,1105,1279,1353,1381,851,-0.28,-0.76
165,curtains,7.59,1.55,1.67,5.15,1.43,2,5.52,3.04,1550,978,1144,1250,930,1071,1430,1239,-0.8,-0.45
166,cushion,7.61,1.35,1.5,3.7,1.83,1.42,5.54,1.25,1652,890,1064,1146,1163,1011,1683,1209,-1.31,-0.83
167,dagger,6.8,7.28,1.55,2.36,1.24,2.62,6.7,2.77,1840,1024,1162,1637,901,1774,1189,1252,0.09,-1.54
168,dalmation,6.95,3.84,4.5,4,1.7,5.04,2.84,6.5,1789,1270,1322,1866,1322,1331,1529,1197,1.48,0.47
169,dandelion,7.37,1.13,3.61,4.95,3.38,1.14,7.71,2.35,1645,1322,929,978,1437,932,1115,1470,-1.29,0.61
170,deer,7.03,3.48,4.38,2.88,4.08,3.3,1.41,5.92,1674,1578,1006,1162,1347,1329,964,748,1.06,0.8
171,desk,7.46,2.05,1.63,2.64,1.95,1.71,2.5,1.27,1566,1172,1199,1264,1004,1100,1351,1129,-0.73,-0.98
172,dime,7.47,2.21,2.24,3.57,1.62,1.83,7.7,1.91,1647,851,1179,1170,866,1045,1123,1180,-1.15,-0.71
173,dish,7.6,3.08,2.61,2.48,2.29,3.24,6.86,1.62,1690,1616,880,1398,932,1229,915,1257,-0.64,-0.71
174,dishwasher,7.29,2.55,3.5,2.09,1.65,4.08,1.75,3.21,1734,1047,1223,1161,876,1315,1324,1138,0.5,-0.43
175,dog,7.59,4.46,6.04,4.32,2.59,6.08,3.69,7.1,1595,880,1355,1342,1306,904,1919,1110,1.94,1.28
176,doll,7.29,2.7,1.83,5.17,2.09,1.75,6.04,2.78,1744,1187,974,1685,1306,1121,794,1397,-0.77,-0.31
177,dolphin,7.16,2.46,2.9,4.04,2.58,4.59,1.84,7.42,1629,1142,1223,938,1423,1183,1055,1070,1.25,0.3
178,donkey,6.94,4.18,6.15,2.73,3.18,4.87,1.31,5.83,1727,1371,1360,1355,1868,1150,1430,1467,1.72,1.1
179,door,7.64,4.92,1.46,3.05,1.79,4.04,4.59,3.92,1648,1348,1071,1289,713,1174,1215,1118,0.44,-1.03
180,doorknob,7.57,2.59,1.26,2.86,2.17,2.43,7.27,2.88,1709,1390,1286,870,1164,1091,810,1201,-0.85,-1.02
181,dove,7.17,2.5,3.57,2.87,3.14,3,4.24,6.5,1597,1002,1411,926,1174,1096,1179,1072,0.51,0.31
182,drain,7.2,1.87,3,2.39,1.53,3.42,1.62,1.86,1885,1568,1404,1113,851,1569,1300,874,-0.03,-0.61
183,drapes,7.25,1.54,1.59,4.73,1.39,1.75,5.14,2.74,1739,844,1180,1202,874,959,1376,1162,-0.87,-0.59
184,dress,7.45,1.77,2.08,6.38,2.38,1.19,6.61,3.38,1753,1223,1264,1158,1458,1012,1404,1693,-0.99,0.2
185,dresser,7.46,2.68,2.5,3.5,1.52,2.04,1.6,1.05,1789,946,1275,1661,720,1315,1219,1001,-0.37,-0.62
186,drill,7.3,6.74,2.04,2.96,1.64,6.96,6.46,5.71,1815,1164,817,1513,1056,1513,1288,1742,1.49,-0.92
187,drum,7.34,2.84,1.93,3.5,1.78,7.26,3.75,2.77,1572,1913,921,1036,1145,961,1769,1354,0.69,-0.7
188,duck,7.35,2.24,4.14,4.23,5.48,5.05,3.87,6.26,1577,1308,1383,1452,1448,1231,1284,969,0.89,1.42
189,dunebuggy,5.5,4.08,3.45,3.25,1.25,4.28,2.33,5.17,2048,1549,1480,1161,1296,1649,1144,1565,1.09,-0.27
190,eagle,6.96,4.4,2.86,4.13,3.3,3.92,2.32,6.82,1831,1348,1088,1382,1504,1591,1566,1177,1.25,0.34
191,earmuffs,7.07,1.67,1.5,4.13,1.71,1.23,6.8,1.9,1621,1115,1419,1171,1458,992,945,832,-1.33,-0.77
192,eel,6.7,4.96,4.22,3.43,5.96,1.52,3.33,6.7,1803,1341,1442,1176,1196,996,1482,1786,0.78,1.28
193,egg,7.78,1.91,4.55,2,7.5,1.88,7.5,1.48,1507,850,1233,755,1355,1414,938,852,-1.15,1.23
194,eggplant,7.31,1.1,3.18,6.08,6.13,1.57,7.22,1.55,1673,833,1325,775,1176,927,1556,994,-1.41,1.39
195,elephant,7.27,5.2,5.64,2.96,2.33,5.96,1.78,5.57,1646,1887,1236,960,1228,1171,1135,1268,1.98,0.67
196,elevator,7.57,2.63,2,3.09,1.33,4.26,1.55,6.54,1748,1431,1072,1164,1029,1272,1022,1682,1.02,-0.6
197,elk,6.4,4.22,3.41,3.72,4.16,3.77,2.05,5.58,1723,1551,1163,1346,982,1328,1432,1149,1.04,0.6
198,emerald,6.95,1.57,1.35,7.13,1.59,1.65,6.29,1.15,1744,1177,1393,1030,991,1085,1390,860,-1.35,-0.2
199,emu,5.7,3.83,3.95,3.23,3.63,3.96,1.95,5.68,1905,1028,1390,1442,1334,1074,1519,1534,1.11,0.57
200,envelope,7.51,2.29,1.95,1.48,2.92,1.5,6.95,2.13,1660,1132,1003,917,1196,833,938,1031,-1.14,-0.93
201,eraser,7.62,2.11,2.46,4,1.18,1.63,7.5,2.09,1599,1124,858,1129,900,1389,714,950,-1.11,-0.63
202,escalator,7.59,3.42,2.68,2.33,1.27,3.87,1.84,6.78,1639,1178,1468,1030,915,1332,1145,946,1.16,-0.59
203,falcon,6.8,5.57,3.22,3.95,2.38,4.68,2.8,6.87,1637,977,1005,1710,1422,982,1439,1100,1.62,0.11
204,faucet,7.55,2.08,2.41,3.6,1.5,3.39,5.91,2.5,1722,1367,1484,1196,1190,873,1289,1267,-0.49,-0.6
205,fawn,5.78,2.8,3.39,3.48,3.26,2.78,2.32,5.43,1874,1234,1239,1092,1285,1037,1107,1093,0.55,0.37
206,fence,7.42,3.46,1.59,2.82,1.18,1.13,2.87,1.57,1618,1433,954,1161,1015,980,1125,986,-0.58,-1.22
207,finch,6.16,2.32,3.91,4.3,3.36,4.77,3.45,6.63,1947,957,1683,1313,1115,996,1453,1320,1,0.84
208,flamingo,7.23,3,4.96,6.68,2.65,2.92,1.46,5.18,1675,1173,1064,889,1257,1690,1031,1510,0.87,1.47
209,flea,6.86,4.19,1.63,2.14,1.64,1.28,5.24,6.85,1644,1352,1219,1486,816,1205,1361,1446,0.21,-1
210,flute,7.24,2.55,1.96,3.5,2.42,5.71,5.43,2.57,1636,1261,877,1326,1118,1235,1223,1685,0.06,-0.56
211,football,7.32,4.2,2.87,3.75,1.52,2.83,7,5.92,1678,1544,1634,1005,1287,1509,1286,1244,0.28,-0.33
212,fork,7.77,4.17,1.48,3.48,2,2.29,7.82,3.54,1483,1534,1187,1461,1326,1244,898,1374,-0.54,-0.91
213,fox,6.93,4.09,3.5,4.65,2.32,3.64,2.22,6.58,1600,1151,1678,1129,1029,1522,1682,901,1.21,0.43
214,freezer,7.52,2.45,3.68,1.63,1.88,2.91,1.59,1.84,1673,1458,1397,1049,1293,1063,1461,1169,0.03,-0.49
215,fridge,7.77,2.61,3.54,2.84,2.3,2.95,2.47,1.63,1519,1088,1288,1379,867,1236,1350,1052,-0.11,-0.19
216,frog,7.34,2.76,3.54,5.41,2.67,3.96,6.67,5.42,1682,1391,1368,965,1164,1364,1000,1337,0.26,0.63
217,garage,7.51,2.35,3.52,2.43,1.16,4.14,1.65,2.33,1732,1231,1270,1123,875,1464,726,1134,0.35,-0.51
218,garlic,7.6,2.32,7.35,1.86,6.19,1.04,6.57,1.37,1688,1052,1027,1256,1490,1161,867,1155,-0.81,1.82
219,gate,7.35,3.17,1.83,2.88,1.3,3.3,3.32,2.96,1722,1369,742,1128,1065,1297,1512,1316,0.03,-1
220,giraffe,7.06,2.86,4.61,5.52,1.96,3.23,1.33,6.05,1635,1842,916,1299,1018,1663,859,1000,1.06,0.97
221,glacier,6.97,3.54,1.64,2.83,3.92,3.77,1.3,3.04,1738,1193,1193,1375,1657,1821,826,993,0.37,-0.38
222,gloves,7.4,1.48,3.16,3.5,1.29,1.43,6.72,1.65,1662,938,1332,1318,1149,870,1371,1260,-1.17,-0.45
223,goat,7.04,2.82,5.52,2.33,3.81,4.37,2.2,5.92,1647,1321,1333,1382,1232,1678,1258,977,1.2,1.02
224,goldfish,7.51,1.75,3.05,6.44,2.5,1.55,4.92,6.73,1783,866,1566,1208,1245,974,1648,832,0.01,0.82
225,golfball,7.35,4.48,1.55,1.96,2.05,2.32,6.95,5.19,1629,1323,1147,737,1556,1001,677,1664,-0.06,-1.12
226,goose,7.05,3.76,3.73,3.43,4.36,5.43,3.27,5.32,1695,740,1485,1307,1087,1221,1545,1026,1.12,0.68
227,gopher,6.31,2.6,2.86,3.33,1.95,2.43,3.14,6.29,1815,1129,1041,1133,807,1331,1651,995,0.47,-0.13
228,gorilla,6.99,5.96,5.32,3.61,1.64,6.04,1.13,6.08,1726,1024,1768,1075,1139,1540,921,1476,2.28,0.53
229,gown,7.18,1.64,1.69,4.65,1.95,1.38,5.73,2.44,1784,1013,1169,1461,1129,954,1053,997,-1.06,-0.47
230,grape,7.47,1.31,2.95,5.95,7.48,1.05,7.52,1.59,1422,1256,1362,974,951,661,701,1092,-1.57,1.61
231,grapefruit,7.47,2,5.42,6.54,6.21,1,6.56,1.95,1574,1236,1061,1062,1146,1070,1283,1022,-0.97,2.27
232,grasshopper,7.29,1.44,1.53,4.74,1.92,2.87,5.89,6.21,1592,1021,1356,913,876,995,1111,1318,-0.15,-0.27
233,grater,6.77,4.67,1.96,3.2,1.95,3.76,6.61,3.25,2005,1580,926,981,962,1459,1449,1526,0.01,-0.84
234,grenade,6.56,7.5,4.13,3,1.5,7.73,6.95,4.42,1847,803,1918,1169,1308,1188,840,1531,1.72,-0.35
235,groundhog,6.49,3.65,4.17,3.35,2.24,2.58,3.23,6.17,1815,1506,1185,957,982,1841,1387,1519,0.78,0.33
236,guitar,7.41,3.05,1.68,4.18,2.04,5.71,5.71,3.69,1609,1147,1126,1080,1076,1298,1317,1481,0.29,-0.56
237,gun,7.13,7.74,3.22,2.81,2.1,7.17,7.23,3.4,1663,802,1466,1594,1768,1274,1502,1565,1.31,-0.64
238,guppy,6.54,1.46,2.38,5.13,2.5,1.26,5,5.9,1932,1311,1621,1428,1131,981,1358,1229,-0.34,0.25
239,hammer,7.43,6.44,1.5,2.23,1.25,6.24,7.52,5.26,1462,938,865,1351,701,1454,1047,1421,1.03,-1.4
240,hamster,7.31,3,5.18,3.5,1.7,2.78,7.41,6.62,1656,993,1116,1208,1469,1476,1186,983,0.38,0.56
241,handgun,6.96,7.67,2.83,2.7,1.28,7.14,6.86,2.58,1789,1238,1609,1327,1095,1277,849,1196,1.17,-1.05
242,hare,6.72,2.33,3.45,2.76,4.59,2.42,4.13,6.09,2129,1142,1189,1492,1078,1577,1762,1305,0.25,0.6
243,harmonica,7.06,1.95,1.6,3.88,2,5.68,6.77,2.92,1731,981,901,1128,1029,1330,1059,1391,-0.18,-0.67
244,harp,6.85,1.91,1.76,4.08,1.74,5.54,3.58,2.43,1766,1066,1171,1105,979,1210,1693,1203,0.13,-0.6
245,harpoon,5.89,7.17,2,2.32,1.33,3.6,4.43,4.64,1843,785,1290,1306,1118,1484,1611,1386,0.95,-1.2
246,harpsichord,4.78,2.22,1.83,2.73,2.3,4.8,3.64,2.95,2285,1539,1077,1656,1724,1409,2054,2042,0.1,-0.73
247,hatchet,6.39,6,1.5,2,1.35,3.88,6,4.23,1818,1089,741,1113,1022,1519,951,1256,0.48,-1.43
248,hawk,7.05,4.61,3.22,3.68,2.19,4.92,3.7,6.75,1749,972,1187,1361,1426,1468,1858,929,1.37,0.03
249,helicopter,7.31,4.75,2.8,3.38,1.4,7.55,1.55,6.82,1709,1240,1315,1147,888,859,1091,1209,2.19,-0.35
250,helmet,7.2,1.88,1.68,4.5,1.81,1.67,6.15,2.05,1811,1073,1086,1145,600,1268,1630,1364,-1.08,-0.59
251,highlighter,7.58,1.73,4.77,7.55,1.45,1.61,7,3.08,1675,1603,1045,639,996,1136,859,1637,-0.69,1.13
252,hoe,6.5,4.92,1.5,2.78,1.35,2.55,5.24,4,1968,1702,732,1116,1030,1500,1357,2078,0.08,-1.19
253,honeydew,7.25,1.36,5.57,6.33,7.26,1.36,5.57,2.1,1729,1006,1167,1170,645,929,1560,1264,-0.87,2.61
254,hook,7.01,6.09,1.38,2.18,1.58,1.3,6.38,1.95,1837,1283,973,1114,648,1254,2113,939,-0.51,-1.52
255,hornet,6.98,5.61,1.5,5.12,1.3,4,2.5,6.58,1801,1231,891,1026,1381,1266,1295,905,1.31,-0.51
256,horse,7.34,4.83,6.45,3.76,3.05,5.12,1.71,6.2,1620,1159,1108,1234,1061,1004,1340,1064,1.93,1.38
257,house,7.65,2.33,2.55,3.91,1.25,2.27,1.3,1.32,1535,1254,1228,1133,844,1761,1170,833,-0.28,-0.54
258,housefly,7.41,2,2.32,2.74,1.36,2.75,3.83,7.29,1796,889,1207,1348,807,1035,1824,1128,0.48,-0.53
259,husky,7.06,4.04,4.04,4.29,2.32,5.68,2.59,6,1950,1360,1492,1494,1399,1232,1574,987,1.52,0.5
260,hut,6.76,2.26,3.14,2.48,1.52,1.95,1.17,1.23,1754,1606,1292,928,1029,1666,835,1294,-0.3,-0.59
261,hyena,6.62,6.36,4.33,3.64,2.35,6.15,1.36,6.64,1778,1029,1358,1165,872,1153,1361,1815,2.32,0.39
262,iguana,6.65,3.59,2.56,6.46,2.55,2.54,4,4.91,1557,1063,1307,897,1013,1151,1427,1338,0.26,0.47
263,inn,7.02,1.26,2.88,2.55,2.04,2.3,1.22,1.08,1908,1145,1319,1195,896,1405,950,1118,-0.48,-0.49
264,jacket,7.58,2.13,2.36,4.8,1.59,1.75,7.09,1.95,1606,864,1445,1483,1232,1030,839,1271,-1.08,-0.38
265,jar,7.48,2.88,2.29,2.36,2,1.96,6.57,1.21,1752,1027,1133,1041,1363,1113,1149,715,-1,-0.93
266,jeans,7.77,1.81,2.52,4.63,1.83,1.69,6.47,3.61,1460,1028,845,1566,1212,1179,1244,1325,-0.76,-0.17
267,jeep,7.4,4.77,2.93,4.36,1.44,5.88,1.57,6.52,1703,1196,1051,1368,1269,1630,1054,900,1.81,-0.09
268,jet,7,5.21,3.22,2.86,1.5,7.82,1.23,7.04,1688,1401,1113,1345,1601,856,881,1136,2.45,-0.3
269,kettle,7.21,4.17,2.65,3.28,2.1,5.14,5.75,2,1663,1389,948,1132,792,1028,1520,1118,0.16,-0.58
270,key,7.59,2.3,1.65,3.42,1.5,2,7.7,2.83,1491,1071,756,1091,1021,1019,871,1441,-0.99,-0.93
271,kite,7.28,2.13,1.38,6.39,1.68,1.89,5.95,6.74,1697,765,1187,883,950,1170,1606,1492,-0.15,-0.02
272,knife,7.55,7.1,1.65,3,1.92,2.58,7,3.7,1618,1456,966,1442,1301,1399,1333,1350,0.18,-1.12
273,ladle,6.72,2.64,1.83,2.09,2.45,1.78,7.32,3,1700,1348,966,866,988,992,1024,1638,-0.91,-0.93
274,ladybug,7.35,1.38,1.42,7.09,1.86,1.23,5.73,5.75,1565,912,872,864,916,1035,1358,933,-0.56,0.18
275,lamb,7.03,2.23,4.67,1.96,6,4.28,2.09,5.68,1797,1479,1287,1180,1317,1498,1341,1526,0.9,1.22
276,lamp,7.65,2.43,1.21,4.96,2.14,1.65,5.64,1.52,1555,1398,1256,1721,955,1329,1029,1215,-1.08,-0.62
277,lantern,7.16,3.35,2.86,5.82,1.63,1.45,6.68,2.12,1654,1082,1539,1509,1127,1184,924,1156,-0.8,-0.02
278,lava,6.35,7.13,3.95,7.19,1.5,4.18,1.68,5.91,1923,1235,1983,1081,827,1094,1081,2331,1.86,0.75
279,lemon,7.74,2.1,6.88,7.26,5.38,1.13,7.79,1.43,1629,1150,1272,887,1797,1173,954,1761,-1,2.67
280,leopard,6.75,5.9,2.81,6.44,2.81,5.36,1.09,6.83,1788,1508,1233,941,1564,1613,829,1156,1.97,0.66
281,leotards,6.61,2.04,1.79,5.09,1.5,1.25,6.52,1.91,1900,1261,828,1183,844,764,1347,1442,-1.19,-0.52
282,letter,7.52,2.76,1.68,2.18,2.48,1.37,6.86,2,1950,1617,806,1219,1424,967,1167,1462,-1.11,-1.01
283,lettuce,7.53,1.48,2.88,5.3,6.04,1.29,6.86,1.26,1476,805,1109,1381,914,783,1488,1010,-1.44,1.05
284,level,6.84,1.88,1.57,1.82,1.88,1.41,3.39,1.43,2254,1441,987,1761,1155,968,2025,1524,-0.91,-1.2
285,lifejacket,7.19,1.67,2.29,7.29,1.71,1.17,5.96,3.7,1737,1598,935,1057,795,1145,1478,1485,-0.83,0.35
286,lightbulb,7.55,3.19,1.52,6.41,1.71,2.13,7,1.25,1748,1258,1133,1378,854,1081,881,1474,-1.03,-0.38
287,lime,7.62,2.88,6.04,6.76,5.8,1.46,7.42,1.65,1631,1009,1169,1157,1854,923,813,1066,-0.82,2.35
288,limousine,7.23,2.96,2.08,3.1,1.32,4.26,1.71,6.25,1756,1549,1406,1418,880,1567,766,888,1.02,-0.61
289,lion,7.26,6.48,4.81,4.83,2.35,6.58,1.32,6.56,1560,1016,1273,1520,1183,1115,1085,1315,2.47,0.81
290,lipstick,7.38,1.33,3.76,7.32,2.95,1.38,7.19,2.21,1651,921,1326,1084,1638,1181,750,1278,-1.14,1.08
291,lizard,7.13,2.4,2.2,6.04,1.91,2.18,4.77,5.35,1620,973,1052,1122,1117,896,1528,907,-0.06,0.16
292,lobster,7.36,4.91,4.86,6.29,6.67,2.63,4.92,5.23,1768,1877,1243,1044,1228,1183,1413,1408,0.58,2.21
293,lollipop,7.62,1.46,4.18,6.88,7.65,2.27,7.67,1.68,1429,1014,867,998,803,1289,568,1047,-1.17,2.29
294,machete,6.21,7.39,1.61,2.17,1.7,3.78,6,3.17,1807,689,1083,1290,893,1440,1268,1170,0.5,-1.41
295,mackerel,5.61,2.1,5.17,3.52,5.29,2.12,5.54,5.17,2037,1170,1302,1451,1291,1035,1169,1375,-0.02,1.48
296,magazine,7.62,2.36,3,6.05,2,2.26,6.86,2.36,1623,1143,1208,913,1067,1505,1258,1176,-0.77,0.25
297,mandarin,6.93,1.64,5.6,5.74,5.74,1.9,5.52,2.13,2000,1490,1535,1017,1178,1198,1642,1275,-0.65,2.09
298,marble,7.38,3.5,1.5,5.22,2.42,2.74,7.22,4.44,1665,1270,866,1396,1420,1341,498,1066,-0.33,-0.3
299,mat,7.31,1.6,2.13,3.08,1.57,1.41,5.17,1.42,1800,1060,711,906,1235,1611,1645,860,-1.11,-0.82
300,medal,7.3,3.14,2.23,4.9,1.52,1.57,6.38,1.81,1937,1364,1241,1676,1083,1248,1386,1131,-0.89,-0.47
301,menu,7.69,2.09,1.96,3.5,1.91,1.58,6.78,1.41,1754,1376,889,1321,1049,1010,1034,827,-1.23,-0.76
302,microscope,7.23,2.05,1.82,2.64,2.13,1.44,4.82,1.35,1702,941,1061,1350,1094,1129,1644,883,-1.05,-0.91
303,microwave,7.72,2.43,3.17,2.52,1.43,4.26,3.09,2.87,1519,1646,1196,978,1323,973,1717,1425,0.26,-0.54
304,minnow,5.02,1.95,2.83,2.48,2.78,2.43,4.39,5.35,2091,1312,1498,1433,1729,1626,1471,1416,0.01,-0.17
305,mirror,7.42,3.09,1.63,3.35,1.76,1.67,4.84,1.48,1630,1123,1281,1881,1161,1000,1411,1507,-0.81,-0.96
306,missile,6.39,7.24,2.72,2.61,1.55,7.53,1.55,6.48,1914,1142,1274,1271,884,1262,1471,918,2.54,-0.67
307,mittens,7.26,1.09,1.36,4.82,1.69,1.14,6.62,2.5,1675,901,696,1223,1226,863,1277,1169,-1.33,-0.59
308,mixer,7.02,3.5,2.38,2.45,2.43,5.95,5.25,4.46,1994,1215,1026,1142,1236,1211,1767,1095,0.68,-0.58
309,moon,7.52,1.39,1.32,5.05,1.65,1.05,1,4.68,1573,960,891,1739,1512,995,686,2296,-0.19,-0.34
310,moose,6.71,4.36,4.43,3.71,3.56,4.43,1.62,4.91,1812,1594,1758,1693,1233,1628,814,1460,1.26,0.75
311,moss,6.88,1.52,3.67,5.04,1.7,1.05,4.63,1.32,1703,756,904,1017,875,556,1371,814,-0.98,0.2
312,moth,7.16,1.5,1.67,1.79,1.3,1.91,5.5,6.86,1829,1241,757,1170,773,941,1007,809,-0.14,-1.01
313,motorcycle,7.43,6.22,5.04,5.16,1.92,7.55,1.57,6.67,1604,1405,1469,1146,1106,961,1636,1196,2.65,0.87
314,mug,7.52,2,1.75,3.2,2.18,2.22,7.38,2.6,1620,1338,795,963,1159,1077,703,1068,-1.01,-0.76
315,mural,7.24,1.56,2.05,6.88,1.58,1.09,1.86,1.14,1802,1124,960,1018,1003,894,1569,712,-0.82,0.07
316,mushroom,7.31,2.23,3.81,2.08,6.5,1.43,7,1.18,1634,1268,1019,943,921,830,1238,1166,-1.23,0.71
317,muzzle,6.38,3.5,1.95,3.14,1.75,2.56,6.82,2.41,1740,1292,956,1051,982,741,1367,1096,-0.61,-0.9
318,napkin,7.54,1.13,1.68,2.3,2.92,1.24,7.05,2.05,1745,933,1144,1050,1595,1158,700,1259,-1.44,-0.78
319,necklace,7.51,2.67,1.36,5.15,1.87,1.58,7.43,2.36,1640,1244,824,1050,943,1214,1091,1665,-1.11,-0.59
320,nectarine,7.54,1.67,4.68,6.68,6.9,1.32,7.5,1.76,1674,1274,1247,929,1005,1193,1041,857,-1.22,2.22
321,nickel,7.64,1.77,2.96,3.08,1.5,2.09,7.6,2.22,1656,1186,1065,1124,902,1289,759,1188,-1.02,-0.56
322,nightgown,7.3,1.14,1.91,3.96,2.48,1.16,6.59,2.6,1749,1021,1023,1059,1110,1041,1235,1401,-1.26,-0.39
323,oak,7.01,2.52,3.96,3.33,2.96,1.23,2.41,1.72,1712,1668,1603,1229,1328,1168,1265,731,-0.42,0.25
324,octopus,6.84,4.29,4.29,4.96,5.23,1.81,2.52,6.04,1637,1900,1643,1451,1214,1236,1235,1781,0.74,1.47
325,olive,7.28,1.46,4.42,4.1,5.28,1.14,7.95,1.29,1581,1149,1239,839,1066,759,816,1051,-1.42,1.1
326,onion,7.58,3,7.09,3.5,5,1.5,7.37,1.41,1672,1403,1296,1289,1804,1214,912,1093,-0.69,1.75
327,orange,7.76,1.48,5.95,7.33,7.61,1.64,7.4,1.64,1616,779,1411,898,1107,1091,1286,990,-1.07,2.99
328,oriole,4.1,2.35,2.95,3.18,3.3,2.54,2.55,3.81,2076,1275,1081,1464,1304,1397,1336,1538,0.05,0.08
329,ostrich,6.78,4.1,3.59,4.21,3.95,4.33,1.36,5.67,1646,1196,1447,1238,1121,1544,1162,1173,1.26,0.74
330,otter,7,2.64,3.77,2.87,2.74,3.91,2.46,6.16,1656,1340,1105,915,1196,1092,1379,1013,0.92,0.28
331,oven,7.56,5.04,4.6,2.41,1.7,2.63,1.88,1.2,1640,1318,963,1351,1147,1143,1240,916,0.37,-0.23
332,owl,7.15,2.81,3.38,3.43,2.58,4.42,3.09,5.64,1710,1206,1398,1198,1125,911,1503,1331,0.85,0.18
333,ox,6.7,4.48,5.09,3.22,3.15,4.53,1.64,5.54,1763,1523,1285,1146,1295,1473,1244,1366,1.49,0.79
334,paintbrush,7.23,1.67,3.22,3.96,1.71,1.67,7.33,4.59,1702,964,1290,1049,894,1135,719,1139,-0.64,-0.06
335,pajamas,7.47,1.09,1.91,5.82,1.8,1.05,6.45,1.35,1714,1368,867,1139,867,884,1958,1148,-1.48,-0.22
336,pan,7.51,3.77,3.26,2.05,1.7,3.35,7.3,2.46,1711,1400,1482,985,1020,1562,1179,1091,-0.31,-0.73
337,panther,6.61,6.4,2.64,5.48,2.95,5.25,1.1,6.96,1655,1155,1505,1360,991,1311,735,1039,2.03,0.4
338,pants,7.63,1.78,2.05,4.48,1.92,1.31,7.05,3.38,1557,1076,1252,1646,1033,1093,1346,1424,-1.01,-0.37
339,paperclip,7.43,2.43,1.35,2.44,1.96,1.62,7.2,1.63,1671,859,870,947,886,831,902,1122,-1.25,-1.21
340,parakeet,6.88,3.28,4.48,7.25,2.83,6,5.04,5.86,1759,1185,1097,1031,947,1122,1140,1114,1.15,1.44
341,parka,6.43,1.86,2.2,4,1.96,1.54,5.77,2.58,1881,882,863,1022,1042,969,1750,1283,-0.91,-0.44
342,parrot,7.24,3.32,5.05,7.22,2.96,5.6,3.91,5.52,1599,1110,1735,647,1097,1157,1522,1446,1.22,1.66
343,parsley,7.08,1.85,5.91,5.16,5.96,1.26,7,1.7,1717,1082,1024,1333,997,1074,1125,1089,-0.99,2.05
344,partridge,5.01,2.54,2.52,3,3,3.5,2.63,4.5,2102,1258,1259,1070,1713,1475,1445,1602,0.36,-0.15
345,peach,7.69,1.59,4.91,6.2,7.4,1.26,7.76,1.5,1547,917,1227,1064,734,967,857,875,-1.31,2.3
346,peacock,6.83,3.05,3.56,7.57,3.04,4.2,1.73,5.83,1781,1188,1253,811,1068,1438,1523,1477,1.06,1.32
347,pear,7.6,1.95,3.79,5.33,6.5,1.5,7.63,1.43,1457,957,1065,1015,963,1116,1019,1097,-1.3,1.46
348,pearl,7.28,1.59,1.17,4,2.38,1.04,7.43,2.17,1732,1266,1073,826,1246,634,1174,1158,-1.47,-0.73
349,peas,7.56,1.3,2.67,5.35,6.22,1.23,7.09,2,1602,835,1541,1139,1369,977,918,1151,-1.41,1.09
350,peg,6.22,3.14,1.5,2.22,1.9,1.91,6.43,2.33,1885,1083,1085,1052,1240,1315,1437,1820,-0.83,-1.2
351,pelican,6.73,3.58,3.67,4.13,3.05,4.68,1.95,5.88,1772,1115,1039,1158,922,950,1710,1183,1.24,0.55
352,pen,7.68,3.05,1.88,3.9,1.48,2.16,7.62,4.82,1591,959,905,1022,1253,1266,892,1415,-0.44,-0.67
353,pencil,7.62,3.09,2.88,4.09,2.11,1.73,7.05,4.68,1540,852,1144,1341,1462,872,1032,1517,-0.38,-0.12
354,penguin,7.2,2.36,3.52,3.95,2.4,3.79,1.87,6.28,1724,1516,1136,1479,950,1291,1362,1520,0.93,0.39
355,penny,7.61,1.59,2.45,3.79,1.77,1.86,8,1.84,1517,951,1373,898,1130,1280,660,973,-1.28,-0.53
356,pepper,7.6,3.52,6.44,4.19,6.26,1.56,7.05,1.26,1823,1280,1412,1389,1085,901,1490,1248,-0.68,1.97
357,perch,5.73,2.43,3.1,2.57,2.09,1.64,3.16,2.26,2106,1279,1425,1758,1172,1282,1601,1031,-0.42,-0.42
358,pheasant,5.69,2.6,3.67,3.36,4.45,3.96,2.5,4.74,2079,1211,1359,1274,1128,1410,1744,1390,0.61,0.71
359,piano,7.52,3.09,2.05,3.08,1.83,6.12,1.5,3,1600,1217,1055,1439,827,1665,1820,1189,0.84,-0.7
360,pickle,7.53,1.74,6.39,4.85,5.45,1.42,7.95,1.75,1478,1456,1110,845,1541,1441,1044,835,-1.02,2.01
361,pie,7.61,1.82,6.43,4.64,7.5,1.88,6.05,1.63,1526,817,1242,1585,892,1006,1305,941,-0.74,2.52
362,pier,7.2,1.86,3.79,2.67,1.27,2.7,2,1.33,1797,1263,1656,1111,840,1093,1151,1004,-0.23,-0.38
363,pig,7.15,3.21,5.26,5.05,4.91,4.63,1.77,5.13,1687,948,1496,775,993,1295,1503,1170,1.18,1.76
364,pigeon,7.35,2.67,3.82,2.83,3.08,4.18,4.11,7.04,1751,1481,1409,1034,1352,1237,1232,900,0.93,0.4
365,pillow,7.5,1.52,1.77,3.05,1.91,1.87,5.67,2.05,1630,877,1180,1201,915,808,1390,1176,-1.03,-0.83
366,pin,7.36,5.17,1.22,2.45,1.96,1.25,7.09,1.43,1633,1411,909,1217,1001,968,1164,917,-0.89,-1.41
367,pine,7.02,3.17,6.19,4.74,2.29,2.13,3.87,1.38,1953,1085,816,1227,1249,1147,1077,1122,-0.11,1.08
368,pineapple,7.56,2.41,6.17,6.57,7.12,1.61,6.79,1.83,1638,1121,1376,938,947,1344,1136,1043,-0.77,2.74
369,pistol,6.96,7.32,2.67,2.88,1.65,6.95,7,3.96,1785,1046,1502,1023,1014,1335,1612,1495,1.27,-0.86
370,plate,7.68,3.3,2.43,3.13,1.59,3.38,7.28,2.11,1641,1236,1326,1178,746,1349,859,1330,-0.54,-0.8
371,platypus,6.2,3.24,3.6,3.29,2.36,2.42,2.08,5.62,1817,1406,1236,1148,931,1644,1380,1401,0.66,0.16
372,pliers,7.23,5.21,1.79,2.23,1.21,2.04,7.18,3.52,1827,1095,1329,722,965,1554,1163,1126,-0.28,-1.34
373,plum,7.57,1.62,4.09,5.73,7.26,1.22,7.65,1.5,1528,935,1186,1268,953,957,619,941,-1.39,1.87
374,pony,7.24,4.04,5.25,4.22,2.39,4.45,1.54,6.57,1680,1094,1296,1266,1752,1026,1070,1073,1.64,0.97
375,popsicle,7.6,1.83,3.77,6.67,7,1.39,7.23,1.96,1640,1609,1585,1106,762,860,925,919,-1.21,1.93
376,porcupine,6.99,6.32,2.55,2.7,1.73,2.35,2.15,5.83,1725,1134,1329,1370,1415,1594,1257,1226,1.1,-0.66
377,pot,7.45,3.87,2.86,3.09,2.32,4.36,6.67,1.45,1839,1151,1398,1551,1050,1330,1421,928,-0.25,-0.53
378,potato,7.67,2.04,3.96,2.08,7.15,1.13,7.94,1.61,1587,1211,1357,1090,998,841,772,1107,-1.37,0.95
379,projector,7.36,2.55,1.5,3.76,1.69,2.9,3.42,2.08,1822,1299,955,1227,1214,1600,1101,1148,-0.38,-0.83
380,prune,6.87,1.67,4.15,4.36,4.91,1.17,6.52,2.16,1808,1296,1106,1273,1356,1064,1134,1038,-1.06,1.04
381,pumpkin,7.41,2.95,4.39,6.95,5.82,1.39,4.68,1.27,1702,1476,1361,802,1096,1361,1725,979,-0.72,1.85
382,pylon,4.3,2.96,2.56,3.4,1.68,2.54,2.41,2.21,2068,1319,1106,1471,1554,1403,1263,1265,-0.11,-0.55
383,pyramid,6.92,2.86,1.74,3.16,1.35,1.24,1.13,1.09,1839,1403,1443,1669,1102,998,1128,1048,-0.51,-1.01
384,python,6.43,6.78,2.1,4.61,2.24,2.64,3.48,6.04,1826,952,1180,1290,1407,1447,1254,1236,1.05,-0.29
385,rabbit,7.24,2.46,3.7,3.32,4.08,1.95,4.48,6.71,1637,1386,1774,1320,1262,1015,1399,1180,0.29,0.71
386,raccoon,7.16,4.62,4.68,3.29,2.43,3.54,1.95,6.41,1703,826,1464,1141,960,1358,1525,1163,1.4,0.52
387,racquet,7.15,4.76,1.78,3.58,1.8,3.77,6.83,5.13,1938,1456,1065,1371,1172,1373,1005,1150,0.32,-0.75
388,radio,7.55,2.2,1.45,2.54,1.52,6.88,5.91,1.36,1766,902,1029,1312,1235,1335,1498,1361,-0.07,-1.24
389,radish,7.18,2.14,3.64,5.96,5.75,1.19,6.96,1.6,1765,1286,1132,1174,1388,1190,1012,970,-1.21,1.37
390,raft,6.98,2.88,2.57,4.08,1.55,2.92,2.05,5.67,1808,1115,1503,1136,986,1076,1293,1484,0.63,-0.2
391,rainbow,7.5,1.27,1.26,7.08,4.58,1.12,1,2,1697,913,1087,1036,2283,822,776,839,-0.76,0.69
392,raisin,7.51,1.14,4.65,3.23,6.77,1.28,7.67,1.33,1765,729,1556,1123,1425,1077,785,1161,-1.42,1.39
393,rake,7.24,4.9,1.68,2.36,1.76,3.08,4.91,3.24,1807,1206,1022,1342,1068,1154,1292,1215,0.1,-1.16
394,raspberry,7.44,1.41,4.9,7.04,7.54,1.48,7.61,1.71,1454,709,1333,1020,596,1303,951,926,-1.25,2.55
395,rat,7.22,3.91,5.5,2.86,1.64,2.92,5.09,6.71,1558,1010,1189,1227,1294,1471,1402,1133,0.92,0.5
396,rattle,7.24,2.78,1.94,4.63,1.74,4.4,7.22,4.76,1879,1315,1193,1101,1282,1169,989,1168,0.01,-0.39
397,rattlesnake,6.87,6.7,2.14,4.22,3.16,3.87,2.39,5.52,1763,1001,1016,1185,1095,1355,1622,1322,1.31,-0.14
398,raven,7.04,3.48,2.92,3.75,2.82,4.61,2.72,6.46,1698,958,1887,780,944,903,1178,1300,1.14,0.17
399,razor,7.46,6.5,1.84,2.78,1.55,2.17,6.95,3.21,1696,1520,1061,920,1118,1328,1382,1397,-0.06,-1.2
400,revolver,6.79,7.1,2.73,2.73,2,7.23,6.9,3.52,2014,1296,1225,1302,957,1196,1470,1433,1.22,-0.8
401,rhubarb,5,1.67,3.33,4.48,3.26,1.7,6.22,1.91,2006,829,1428,1343,1383,844,1529,1424,-1,0.35
402,rice,7.55,1.42,3.05,1.59,7.4,1.31,6.57,1.35,1601,1215,1324,1290,1263,1140,1379,1031,-1.41,0.64
403,rifle,6.7,7.46,2.79,3,2,6.7,5.18,2.64,1932,746,1053,1789,1067,1118,1131,1985,1.25,-0.76
404,robe,7.33,1.05,1.87,4.22,2.12,1.22,6,1.81,1600,829,1213,1083,1016,832,1012,1410,-1.33,-0.47
405,robin,6.82,2.67,2.48,5.48,2.35,4.63,3.41,6.2,1856,1164,1221,1101,1169,1443,1682,880,0.83,0.31
406,rock,7.65,6,1.7,1.8,1.48,3.17,6.35,1.8,1703,919,1081,963,730,1315,1100,1027,-0.13,-1.53
407,rocker,6.84,3.28,2.5,3.08,2,3.56,2.58,5.48,2114,1189,1158,1423,1022,1303,1750,1255,0.7,-0.38
408,rocket,6.89,5.22,4.38,3.56,1.21,7.55,1.48,6.48,1807,1364,1269,1269,888,539,993,1620,2.4,0.15
409,rooster,6.96,3.14,4.5,5.44,4.38,6.35,3.46,6.04,1841,1217,1033,1076,1403,1134,1260,1354,1.4,1.48
410,rope,7.55,4.77,2.2,2.32,1.86,1.68,6.46,3.35,1699,981,1063,859,1221,1025,905,1067,-0.34,-0.98
411,rose,7.52,4.09,5.64,7.45,3.04,1.05,6.91,1.5,1672,1377,1177,971,1403,879,1361,894,-0.62,1.59
412,ruler,7.56,3.65,1.44,2.96,1.67,2.88,7.67,2.67,1640,1376,866,934,974,1489,660,1283,-0.64,-1.15
413,sack,6.99,3.48,2.09,2.19,1.74,1.68,6.6,1.84,1967,970,978,1040,1399,1290,1197,1300,-0.86,-1.1
414,saddle,6.95,2.77,2.83,2.86,1.21,1.7,3.89,2.84,1737,975,1060,1593,1082,1756,1465,1020,-0.35,-0.68
415,sailboat,7.04,2.92,2.86,3.92,1.63,3.8,1.25,5.64,1823,1116,1335,1117,1008,1402,1035,1384,0.94,-0.11
416,salamander,6.46,2.29,3.12,5.75,2.08,1.64,4.71,5.84,1966,1294,1144,1092,1226,1164,1179,1389,0,0.5
417,salmon,7.41,2.22,5.24,6.13,5.86,1.83,4.83,5.38,1681,930,1316,991,976,1284,1678,1564,0.06,2.26
418,sandals,7.51,2.32,2.79,4,1.28,2.59,6.74,4.33,1786,1055,1129,1115,865,907,1196,1546,-0.35,-0.35
419,sandpaper,7.18,4.43,1.88,2.58,1.37,3.58,7.04,3.13,1800,1027,978,992,1050,1404,970,1210,-0.14,-1.16
420,sardine,6.87,1.63,7.28,3.17,3.36,1.46,5.48,4.64,1733,1307,877,1388,1187,1174,1278,1469,-0.04,1.63
421,saucer,6.89,2.74,2.04,2.91,2.3,2.38,6.38,2.43,2001,1094,1026,1268,1043,1665,1792,1357,-0.72,-0.73
422,saxophone,7.15,2.42,1.84,5.86,2.09,6.32,5.36,3.32,1729,1023,1122,1263,995,1358,1261,1324,0.31,-0.09
423,scarf,7.38,2.08,1.54,6.15,1.71,1,7.42,1.82,1589,1225,1270,1266,1119,635,743,923,-1.4,-0.34
424,schoolbus,7.56,3.81,3.96,6.61,1.46,5.58,1.91,6.77,1525,1073,1309,999,1017,1180,1490,1014,1.7,0.85
425,scissors,7.66,5.54,1.18,3.05,1.52,2.12,7.54,2.7,1436,1015,720,1492,1233,1226,883,1494,-0.47,-1.36
426,scooter,7.37,4.08,1.77,3.92,1.39,3.78,4.75,5.95,1669,932,928,907,819,1025,1399,1270,0.63,-0.66
427,scorpion,6.56,7.25,1.82,4.09,1.83,1.83,2.86,4.76,1822,1490,1146,1062,847,1193,2282,805,0.79,-0.7
428,screwdriver,7.44,5.12,1.55,2.68,1.75,2.36,7.54,3.32,1716,1366,1140,1160,1025,1219,883,1189,-0.35,-1.19
429,screws,7.15,4.35,1.9,2.18,1.64,2.35,7.73,2.33,1751,1013,905,1069,748,1173,865,1268,-0.65,-1.23
430,seagull,7.4,3.39,4.63,3.33,2.55,5.14,2.69,6.96,1631,1418,971,927,1032,1303,1026,1111,1.52,0.63
431,seal,6.95,3.05,4.88,3.67,2.59,4.92,1.84,5.44,1800,1453,1230,1213,1144,1014,1087,1037,1.28,0.75
432,seaweed,7.47,1.62,5.58,4.48,5.67,1.26,6.11,3.96,1643,967,1286,987,1183,1078,1377,1389,-0.54,1.88
433,shack,6.7,1.77,2.68,2.41,1.68,2.46,1.62,1.48,1926,1022,1225,1019,1401,1245,1073,1044,-0.35,-0.69
434,shawl,6.45,1.44,1.96,4.1,2.08,1.04,6.17,1.92,1836,732,1033,1214,1240,744,1286,1271,-1.29,-0.5
435,shed,7.06,1.88,2.7,2.86,1.82,1.88,1.25,1.65,1865,890,1611,1446,936,1411,1005,1085,-0.37,-0.54
436,sheep,7.23,3.07,4.81,1.67,4.05,4.96,1.83,5.09,1709,1179,1133,1255,1486,1242,1350,1146,1.18,0.63
437,shell,7.28,2.78,2.75,3.09,2.14,1.96,7.27,1.67,1773,1199,1079,1111,1043,1072,957,1104,-0.97,-0.55
438,shelves,7.45,3.65,1.43,2.45,1.29,1.61,2.84,1.15,1703,1248,736,1628,881,1304,1172,1029,-0.54,-1.36
439,shield,6.87,2.77,2,3.22,1.63,1.95,5.27,2.26,1895,1412,1011,1045,1362,1011,1349,1304,-0.68,-0.83
440,ship,7.22,3.37,4.39,3.17,1.36,5.88,1.61,6.4,1890,930,1565,1386,783,1238,710,1308,1.71,0.2
441,shirt,7.63,1.78,2.74,5.25,2.43,1.19,6.86,4.15,1504,1034,1336,1523,1052,1169,884,1450,-0.81,0.23
442,shoes,7.7,3.71,3.46,4.96,1.05,3.24,6.13,5.88,1506,1185,1181,1008,746,1456,1648,1464,0.46,0.06
443,shotgun,6.98,7.72,3.36,2.48,1.7,7.21,5.25,3.64,1780,980,1823,1167,1070,1246,1444,1568,1.64,-0.71
444,shovel,7.32,4.8,2.19,2.81,1.43,2.78,6.15,3.52,1655,1406,1163,1005,1091,1092,923,898,-0.03,-0.97
445,shrimp,7.41,2,5.48,5.05,6.73,1.41,6.77,5.32,1546,1159,1309,1510,866,970,925,1398,-0.32,2.29
446,sink,7.7,2.13,2.64,2.91,1.24,3.74,1.75,1.65,1564,1271,1457,923,888,931,1087,968,0,-0.72
447,skateboard,7.42,5.52,1.83,3.86,1.42,4.57,6.7,6.17,1652,1054,1392,1031,1146,1165,1060,1026,0.83,-0.75
448,skillet,7.04,4.73,3.3,2.33,1.52,3.46,6.16,2.09,1865,1230,1412,1046,943,1605,1320,1325,-0.04,-0.75
449,skirt,7.41,1.41,1.65,5.38,1.52,1.27,6.29,3.05,1720,1036,1066,1337,1087,937,1560,1217,-1.07,-0.39
450,skis,7.05,4.57,1.79,3.5,2.05,2.77,4.69,4.83,1872,1531,1013,1453,1285,1255,1987,1562,0.3,-0.67
451,skunk,6.86,3.59,7.04,4.64,1.5,2.09,1.74,4.91,1821,1144,1113,948,1003,1577,1772,1175,0.97,1.38
452,skyscraper,7.47,2.7,1.33,3.73,1.53,1.67,1.25,1.58,1674,1426,769,1340,719,1287,844,1137,-0.43,-0.94
453,sled,7.01,4.75,1.26,4.14,1.71,2.91,3.26,5.23,1787,914,1041,995,1095,1230,1561,1198,0.56,-0.75
454,sledgehammer,6.85,7.58,1.5,2.86,1.61,6.45,5.38,4.42,1906,1069,919,1295,1255,888,1356,1282,1.38,-1.24
455,sleigh,6.69,3.29,1.73,4.61,1.83,2.71,2.59,5.33,1774,1321,1137,1167,1414,1431,1366,1383,0.43,-0.35
456,slingshot,7.05,6.22,1.43,2.62,1.77,3.09,6.75,4.71,1631,1055,783,1086,1164,1107,1183,1716,0.32,-1.21
457,slippers,7.45,1.63,2.45,4.35,1.18,2.23,6.52,2.96,1779,873,900,1271,877,987,1425,1193,-0.79,-0.46
458,slug,7.1,1.64,2.14,2.22,1.6,1.14,7.05,3.9,1614,930,906,1231,795,761,1109,1404,-0.96,-0.89
459,snail,7.46,1.52,2.18,2.76,2.42,1.17,6.55,3.95,1741,864,1323,946,1532,1002,1314,1857,-0.92,-0.52
460,snowball,7.27,3.61,1.5,2.09,4.05,2.22,7.14,6.44,1825,1477,991,836,1406,1251,1207,1345,-0.09,-0.47
461,socks,7.58,1.52,5.04,3.63,1.5,1.14,6.88,2.05,1604,660,1325,1346,1172,1046,1239,1433,-0.97,0.3
462,sofa,7.57,2.4,2.87,4.3,1.64,1.63,1.19,1.13,1534,1475,1036,1222,1129,810,751,1044,-0.39,-0.26
463,spade,5.82,3.73,1.76,2.78,1.77,2.64,4.52,2.24,2202,1141,1121,1316,1299,1374,1404,1453,-0.31,-1.02
464,sparrow,6.99,2.36,2.36,5.16,3.28,3.95,3.7,6.48,1709,1535,1266,1121,986,1574,1400,918,0.62,0.46
465,spatula,7.48,2.91,1.86,2.78,2.26,2.1,6.74,3.14,1556,1602,788,1130,1106,930,1045,1242,-0.69,-0.8
466,spear,6.79,6.9,1.56,3.17,1.58,2.71,6.13,4.2,1835,844,823,1424,1351,1566,1605,1477,0.37,-1.14
467,spider,7.56,4.64,1.64,2.6,1.63,1.64,5.3,6.04,1572,1423,1146,1123,822,638,912,1223,0.21,-0.98
468,spinach,7.47,1.78,3.58,6.15,6.26,1.05,6.13,1.23,1595,781,1492,979,1107,812,1000,1001,-1.28,1.54
469,spoon,7.57,1.52,1.86,3.36,2.7,2.05,7.9,2.82,1395,929,1041,1532,1548,1245,775,1150,-1.15,-0.52
470,squid,7.15,3.65,5.08,3.17,5.04,1.92,4.71,5.95,1735,1206,1167,1122,834,1204,1469,1380,0.44,1.28
471,squirrel,7.27,3.48,3.17,3.26,2.63,2.79,5.32,7.09,1625,1000,1038,1158,1648,1115,1294,994,0.58,0.09
472,starling,3.92,2.64,2,4.22,2.5,2.83,2.18,3.15,2242,1412,1339,1194,1434,1485,1463,1220,0.01,-0.26
473,stereo,7.57,2.58,1.29,2.91,1.48,7.23,4.22,1.83,1668,1240,1098,1112,1181,1291,1329,981,0.35,-1.19
474,stick,7.27,5.96,1.82,2.5,1.45,2.39,7.11,2.43,1706,1474,1044,1338,1037,1111,753,1222,-0.27,-1.31
475,stone,7.54,5.52,1.78,2.26,2,1.87,6.48,1.43,1849,1232,711,823,895,1077,1131,1123,-0.57,-1.26
476,stork,6.15,3.3,3.23,3.04,2.39,3.23,2.44,5.58,1834,1301,1144,922,1352,1187,1265,775,0.75,-0.03
477,stove,7.6,5.04,3.56,3.27,1.6,2.62,1.68,1.67,1641,1387,1194,1403,893,1407,982,1106,0.37,-0.39
478,strainer,7.07,1.96,2.38,3,2.05,1.59,6.33,1.82,1857,1153,1099,1357,1691,986,1145,1040,-1.08,-0.65
479,strawberry,7.72,1.35,5.08,7.22,7.67,1.11,7.71,1.52,1493,1071,1279,1040,982,962,848,1016,-1.36,2.67
480,submarine,6.87,3.52,2.35,3.27,1.55,5,1.42,5.55,1811,1447,1773,1656,1373,1759,834,1063,1.2,-0.49
481,subway,7.18,4.25,4.3,2.38,2.38,6.25,1.43,6.95,1892,1591,1537,1087,985,1328,911,982,2.02,0.24
482,sun,7.57,5.72,1.9,7.12,1.17,1.38,1.09,4,1590,1495,1542,943,1223,1376,723,1956,0.56,-0.08
483,surfboard,7.08,4.25,2.46,4.82,1.39,2,4.77,5.55,1809,1565,1116,1335,1126,1369,2445,1332,0.3,-0.25
484,swan,7.04,3.24,3.46,2.92,3.05,3.71,2.55,6.12,1772,1189,1770,1302,1107,1117,1539,1187,0.92,0.23
485,sweater,7.67,1.61,2.24,4.7,2.32,1.17,7.08,2.25,1624,1090,1035,879,988,1075,1057,1561,-1.26,-0.21
486,swimsuit,7.58,1.78,3.46,6.04,2,1.21,6.27,2.35,1562,851,1074,1085,1109,966,1666,1756,-0.96,0.45
487,sword,7.06,7.42,1.35,3.7,1.3,3.91,6.5,3.38,1767,1464,1054,1407,920,1594,1212,1130,0.49,-1.25
488,table,7.79,2.7,1.36,3.28,1.48,1.8,2.36,1.22,1525,1160,1137,991,775,1059,1756,1095,-0.6,-1.08
489,tack,6.95,5.46,1.45,2.59,1.5,1.45,6.9,1.5,1936,1408,578,1129,1064,1226,915,1043,-0.73,-1.43
490,tangerine,7.64,1.54,5.92,7.39,7.42,1.22,7.91,1.52,1650,1164,1019,684,1125,669,939,1333,-1.23,2.92
491,tap,6.45,2.39,1.63,2.28,2,3.43,3.95,2.13,2400,1698,902,1840,1652,1751,1575,1663,-0.35,-1.04
492,taxi,7.38,4.17,3.93,6.96,1.52,5.41,2.5,6.95,1648,1154,914,777,1034,978,1177,961,1.68,0.91
493,teacup,7.36,1.83,1.9,4.17,1.67,2.24,7.55,2.67,1745,1504,1021,1695,1184,1096,1040,989,-1.01,-0.61
494,telephone,7.74,2.32,1.22,3.25,1.67,5.52,7.81,2.85,1564,1533,768,1097,666,1456,863,1462,-0.33,-1.08
495,tent,7.12,2.52,2.45,3.95,1.42,2.05,2.1,1.55,1686,1367,1528,1133,1279,1450,1668,1489,-0.37,-0.54
496,thermometer,7.5,1.89,1,3.41,1.82,1.09,7.45,2.4,1623,1071,871,995,711,807,1246,1175,-1.38,-1.07
497,thimble,6.61,2.42,1.17,2.27,1.91,1.39,7,2.05,1812,931,965,1139,948,1094,918,1183,-1.21,-1.29
498,tie,7.5,2.42,1.35,5,1.9,1.05,7.29,2.09,1558,1152,1308,1269,1138,877,690,1154,-1.29,-0.62
499,tiger,7.05,6.35,3.59,6.83,2.71,5.62,1.52,6.52,1653,1507,1599,945,1297,1033,1062,1061,2.08,0.94
500,tissue,7.55,1.45,1.83,1.45,1.82,2.08,7.88,1.95,1568,908,1344,1127,1052,1150,818,996,-1.3,-1.24
501,toad,7.05,2.05,3.86,4.39,1.96,3.29,5.33,5.71,1795,1074,1255,1035,1015,1408,1820,1091,0.28,0.41
502,toaster,7.55,3.96,4.55,2.88,2.08,2.82,4.43,1.64,1694,1439,1780,974,1249,1132,1068,898,-0.04,-0.01
503,toilet,7.72,2.09,4.78,2.57,1.26,3.96,2.23,1.76,1640,1686,1352,1013,789,921,949,1456,0.23,-0.05
504,tomahawk,4.93,5.5,1.77,2.45,1.84,2.64,4.39,4.04,2017,1206,1189,1208,1101,1171,1183,1757,0.33,-1.06
505,tomato,7.72,1.38,3.69,7.26,5.91,1.21,7.92,1.6,1501,838,1175,1043,1327,1072,747,864,-1.45,1.75
506,tongs,7.06,3.35,1.58,3.04,1.75,2.83,7.5,3.39,1593,1073,1151,1137,1015,1046,842,1291,-0.53,-1
507,tortoise,6.82,3.08,3.42,3.74,2.35,1.52,4.25,4.18,1926,1447,1252,1269,1364,1360,1543,1695,-0.1,0.08
508,toy,7.53,2.75,2.05,6.05,2.22,4.38,7.43,5.36,1622,1195,1416,1401,1440,1355,1244,1165,0.09,0.12
509,tractor,7.05,4.35,4.22,4.35,1.48,6.13,1.05,5.48,1795,1431,1503,973,1298,1087,873,1186,1.81,0.34
510,trailer,7.09,2.91,2.62,2.13,1.29,4.41,1.3,4.36,1820,1256,1251,816,989,1689,1164,1086,0.81,-0.76
511,train,7.35,4.82,4.05,3.58,1.57,7.24,1.04,6.55,1720,1419,1527,969,1338,879,1090,1209,2.29,0.16
512,tray,7.34,2.63,1.62,2.04,1.5,2.26,6.48,3.19,1610,1157,1093,936,737,1102,1360,1145,-0.67,-1.23
513,tricycle,7.21,4.29,1.42,4.89,1.68,2.86,3.29,6.09,1689,1241,1036,1355,995,1548,1310,1333,0.64,-0.46
514,tripod,6.86,3.14,1.48,2.21,1.57,1.48,5.48,1.86,1812,1432,944,928,1144,877,1380,1005,-0.87,-1.31
515,trolley,6.92,3.52,2,4.78,1.32,5.48,2.09,6.85,1796,1788,1052,1193,750,1030,1515,1209,1.41,-0.26
516,trombone,6.99,3.42,2.63,5,1.73,7.08,4.48,3.75,1767,1147,1024,1273,996,958,1285,1248,0.92,-0.12
517,trousers,7.26,1.4,2.52,3.22,1.65,1.22,6.3,3.3,1681,973,1143,1373,971,986,1676,1458,-0.95,-0.53
518,trout,6.97,1.95,4.95,3.6,5.96,1.86,5.41,6.86,1671,780,1037,1420,1095,1513,1315,906,0.18,1.71
519,truck,7.38,5.64,4.17,4.92,1.2,6.39,1.48,5.95,1702,961,1482,1645,1119,1157,1105,1018,2.12,0.32
520,trumpet,7.13,3.04,2.61,5.2,1.67,7.17,6.04,3.5,1714,1166,1059,1344,810,916,1231,1060,0.63,-0.12
521,tuba,6.84,3.27,2.04,5.52,1.96,6.59,4.4,3.19,1768,901,1281,1510,1302,1370,1773,778,0.63,-0.17
522,tuna,7.36,2.08,6.22,4.33,6.17,1.61,4.55,4.91,1720,1320,881,1434,1029,1137,1770,1869,0.04,2.25
523,turkey,7.34,2.73,4.68,3.65,6.96,5,2.86,5.54,1505,1136,1359,1170,996,1051,1127,1151,0.99,1.8
524,turnip,6.74,1.81,3.75,5.44,4.54,1.33,6.64,1.48,1776,1109,1448,1038,1324,972,994,756,-1.17,1
525,turtle,7.23,2.6,3.57,3.96,2.73,1.5,4.54,4,1821,894,1284,1177,1349,779,1929,1615,-0.25,0.29
526,tuxedo,7.44,1.46,2.09,3.68,1.74,1.42,3.95,1.48,1601,1105,862,1042,1097,689,1379,1044,-0.98,-0.62
527,typewriter,6.87,2.13,1.48,2.28,1.17,4.67,2.29,3.54,1662,1205,843,1329,988,1173,1369,1081,0.33,-1.18
528,umbrella,7.49,3,1.24,5.16,1.36,2.74,7.35,2.46,1588,1120,670,1315,1429,1517,1036,989,-0.79,-0.77
529,unicycle,6.72,4.52,1.24,3.54,1.39,2.25,3.28,5.46,1963,1556,1105,1234,971,1128,2368,1370,0.43,-0.95
530,urn,6.26,2.68,2.91,3.13,1.64,1.54,4.24,1.38,1982,1045,1454,1057,844,996,1734,1195,-0.71,-0.57
531,van,7.54,4.45,3.09,3.7,1.54,4.52,1,6.17,1689,1124,1267,915,1057,1217,821,1187,1.5,-0.15
532,vase,7.49,2.84,2.04,4.36,1.77,2.38,5.68,1.15,1660,802,1183,975,1136,1266,1191,823,-0.83,-0.61
533,veil,6.83,1.55,2.05,2.4,2.7,1.41,5.78,2.91,1927,1037,748,1624,1099,1210,1373,1246,-0.97,-0.63
534,vest,7.35,2.04,2.23,4.08,1.59,1.1,6.35,1.52,1649,1119,759,907,1465,875,1444,1062,-1.22,-0.59
535,vine,6.95,3.35,2.62,4.52,2.04,1.59,5.4,1.71,1900,1576,1107,1338,1630,908,1368,811,-0.71,-0.29
536,violin,7.24,2.8,2.44,3.65,1.75,6.43,5.54,3.67,1596,1291,854,1056,1004,1329,1634,1350,0.51,-0.48
537,vulture,6.51,5.14,3.95,2.81,2.09,4.5,1.92,6.5,1778,1448,1318,1527,1056,1499,1282,969,1.64,0.05
538,wagon,7.09,4.08,2.04,5.08,1.56,4.44,3.15,5.8,1752,1351,876,1173,1382,1233,1371,1382,0.97,-0.24
539,wall,7.61,3.17,1.87,3.26,2.28,1.48,1.19,1,1636,1606,975,1364,1329,746,1454,810,-0.45,-0.72
540,walnut,7.38,1.96,3.35,3.12,6.68,1.91,7.82,1.52,1599,1025,1001,1108,1064,1207,870,1029,-1.28,0.86
541,walrus,6.58,4.28,4.38,2.67,2.64,5.36,1.44,4.65,1780,1273,1267,1295,1122,1164,1192,1290,1.43,0.25
542,wand,6.86,3.5,2,3.05,2.42,1.95,7.38,3.44,1837,1243,1192,1667,1161,1236,999,1298,-0.64,-0.68
543,wasp,7.07,5.77,1.32,5.41,2.25,3.09,3.95,6.91,1946,1143,1295,1235,1313,968,1453,842,0.98,-0.28
544,watergun,7.34,3.52,1.7,5.46,2.12,2.22,6.82,3.86,1670,1476,1119,927,1262,1004,1204,1181,-0.45,-0.28
545,whale,7.05,4.23,3.55,3.09,2.32,5.36,1.38,6.71,1673,1653,1507,1252,1032,1782,765,1353,1.72,0.11
546,wheel,7.55,3.96,2.96,2.22,1.48,3.33,3.96,7,1697,1246,1141,1285,778,1131,1603,1162,0.93,-0.52
547,wheelbarrow,7.04,4.05,2.54,3.04,1.43,2.92,2.21,4.14,1922,895,1115,1224,917,1105,1061,1502,0.53,-0.64
548,whip,7.03,7.81,1.63,2.36,1.46,5.42,7.82,5.33,1794,922,1152,1580,1209,924,1057,1255,1.08,-1.35
549,whistle,7.45,2.57,1.59,3.14,2.18,6.23,6.71,2.04,1752,1479,938,1042,1629,1353,916,1555,-0.12,-0.89
550,whiteboard,7.68,1.9,3.77,3.04,1.64,2,2.72,1.13,1681,1044,1036,1455,1040,1148,1375,849,-0.5,-0.23
551,willow,6.34,2.17,3,3.82,1.82,1.41,2.38,2.75,1938,1310,1319,1345,929,1161,984,1029,-0.33,-0.19
552,woodpecker,6.84,3.76,2.83,4.91,2.88,6.32,3.58,6.45,1811,1019,1727,1481,1195,1278,1249,914,1.41,0.39
553,worm,7.17,1.76,2.68,2.18,1.64,1.09,6.27,5.04,1600,763,1568,936,932,907,1270,1048,-0.58,-0.63
554,wrench,7.13,6.14,1.36,2.45,1.3,2.88,7.5,3.25,1672,1112,999,1467,871,1524,609,1172,-0.09,-1.49
555,yacht,6.78,3.13,2.57,3.54,1.71,3.64,1.14,4.92,1742,1355,1244,1309,1340,1305,767,1059,0.79,-0.32
556,yam,7.16,1.62,5.22,5.67,6.96,1.38,6.83,1.95,1614,908,1175,984,1017,918,1122,1121,-1.04,2.22
557,zebra,6.83,3.32,3.96,5.18,3.32,3.52,1.38,5.72,1617,1519,1022,1277,1286,1359,1294,1117,1.03,0.97
558,zipper,7.52,3.57,1.27,2.71,1.73,2.54,6.96,2.79,1613,932,973,1185,1040,710,933,1330,-0.63,-1.22
559,zucchini,7.29,1.71,2.91,5.29,6.81,1.33,7.23,1.17,1582,1125,1593,1427,1036,1052,749,1140,-1.47,1.23